<annotation>
	<folder>tiny_train_img</folder>
	<filename>0066.jpg</filename>
	<path>C:\Users\zecharpy\Desktop\YOLO2_Keras\tiny_train_img\0066.jpg</path>
	<source>
		<database>Unknown</database>
	</source>
	<size>
		<width>192</width>
		<height>192</height>
		<depth>3</depth>
	</size>
	<segmented>0</segmented>
	<object>
		<name>microsoft</name>
		<pose>Unspecified</pose>
		<truncated>0</truncated>
		<difficult>0</difficult>
		<bndbox>
			<xmin>32</xmin>
			<ymin>103</ymin>
			<xmax>61</xmax>
			<ymax>147</ymax>
		</bndbox>
	</object>
</annotation>
