<annotation>
	<folder>tiny_train_img</folder>
	<filename>0080.jpg</filename>
	<path>C:\Users\zecharpy\Desktop\YOLO2_Keras\tiny_train_img\0080.jpg</path>
	<source>
		<database>Unknown</database>
	</source>
	<size>
		<width>192</width>
		<height>192</height>
		<depth>3</depth>
	</size>
	<segmented>0</segmented>
	<object>
		<name>microsoft</name>
		<pose>Unspecified</pose>
		<truncated>1</truncated>
		<difficult>0</difficult>
		<bndbox>
			<xmin>23</xmin>
			<ymin>1</ymin>
			<xmax>69</xmax>
			<ymax>53</ymax>
		</bndbox>
	</object>
</annotation>
