<annotation>
	<folder>tiny_train_img</folder>
	<filename>IMG_1411.PNG</filename>
	<path>C:\Users\zecharpy\Desktop\YOLO2_Keras\tiny_train_img\IMG_1411.PNG</path>
	<source>
		<database>Unknown</database>
	</source>
	<size>
		<width>192</width>
		<height>192</height>
		<depth>3</depth>
	</size>
	<segmented>0</segmented>
	<object>
		<name>microsoft</name>
		<pose>Unspecified</pose>
		<truncated>0</truncated>
		<difficult>0</difficult>
		<bndbox>
			<xmin>72</xmin>
			<ymin>26</ymin>
			<xmax>83</xmax>
			<ymax>46</ymax>
		</bndbox>
	</object>
</annotation>
